client,unused_rate_gt14d
Kroger,0.8532473971244422
Lex & Co,0.21951219512195122
Taxify LLP,0.22123893805309736
